class_type,Count,Ratio,Log(2),Ratio x Log(2)
unacc,1210,0.700231481,-0.51409617,-0.359986323
acc,384,0.222222222,-2.169925001,-0.482205556
vgood,65,0.037615741,-4.732519689,-0.178017234
good,69,0.039930556,-4.646363045,-0.185531858
Total,1728,,,1.20574097
